{
  "project_info": {
    "project_number": "134084030125",
    "project_id": "login-6e644",
    "storage_bucket": "login-6e644.appspot.com"
  },
  "client": [
    {
      "client_info": {
        "mobilesdk_app_id": "1:134084030125:android:ca42f2e8752cb414586024",
        "android_client_info": {
          "package_name": "com.example.login"
        }
      },
      "oauth_client": [
        {
          "client_id": "134084030125-qidc8lfmdpjqj9kc6t3330l5b7jkkd3g.apps.googleusercontent.com",
          "client_type": 3
        }
      ],
      "api_key": [
        {
          "current_key": "AIzaSyCpCirICdR1pLwtR1fpPqkynapfXVixbEc"
        }
      ],
      "services": {
        "appinvite_service": {
          "other_platform_oauth_client": [
            {
              "client_id": "134084030125-qidc8lfmdpjqj9kc6t3330l5b7jkkd3g.apps.googleusercontent.com",
              "client_type": 3
            }
          ]
        }
      }
    }
  ],
  "configuration_version": "1"
}